{"has_child":1,"home_url":"http:\/\/dappy.local","child_file":{"dappy.local_wpvivid-61d17383e1688_2022-01-02-15-42_backup_plugin.zip":{"file_type":"plugin","plugin":{"elementor":{"slug":"elementor","size":27140788},"elementor-pro":{"slug":"elementor-pro","size":12594882}},"root_flag":"wp-content","file":"dappy.local_wpvivid-61d17383e1688_2022-01-02-15-42_backup_plugin.zip","php_version":"7.3.5","mysql_version":"8.0.16"},"dappy.local_wpvivid-61d17383e1688_2022-01-02-15-42_backup_core.zip":{"include_path":["wp-includes","wp-admin"],"wp_core":1,"home_url":"http:\/\/dappy.local","file_type":"wp-core","root_flag":"root","file":"dappy.local_wpvivid-61d17383e1688_2022-01-02-15-42_backup_core.zip","php_version":"7.3.5","mysql_version":"8.0.16"},"dappy.local_wpvivid-61d17383e1688_2022-01-02-15-42_backup_themes.zip":{"file_type":"themes","themes":{"hello-elementor":{"slug":"hello-elementor","size":589336},"twentynineteen":{"slug":"twentynineteen","size":1329806},"twentytwenty":{"slug":"twentytwenty","size":1783831},"twentytwentyone":{"slug":"twentytwentyone","size":3666597}},"root_flag":"wp-content","file":"dappy.local_wpvivid-61d17383e1688_2022-01-02-15-42_backup_themes.zip","php_version":"7.3.5","mysql_version":"8.0.16"},"dappy.local_wpvivid-61d17383e1688_2022-01-02-15-42_backup_db.zip":{"dump_db":1,"home_url":"http:\/\/dappy.local","file_type":"databases","root_flag":"custom","file":"dappy.local_wpvivid-61d17383e1688_2022-01-02-15-42_backup_db.zip","php_version":"7.3.5","mysql_version":"8.0.16"},"dappy.local_wpvivid-61d17383e1688_2022-01-02-15-42_backup_uploads.zip":{"file_type":"upload","root_flag":"wp-content","file":"dappy.local_wpvivid-61d17383e1688_2022-01-02-15-42_backup_uploads.zip","php_version":"7.3.5","mysql_version":"8.0.16"},"dappy.local_wpvivid-61d17383e1688_2022-01-02-15-42_backup_content.zip":{"file_type":"wp-content","root_flag":"root","file":"dappy.local_wpvivid-61d17383e1688_2022-01-02-15-42_backup_content.zip","php_version":"7.3.5","mysql_version":"8.0.16"}},"root_flag":"custom","file":"dappy.local_wpvivid-61d17383e1688_2022-01-02-15-42_backup_all.zip","php_version":"7.3.5","mysql_version":"8.0.16"}